state,date,sex,age,ethnicity,population
Johor,2016-01-01,both,overall,overall,3651.8
Johor,2017-01-01,both,overall,overall,3697.0
Johor,2018-01-01,both,overall,overall,3749.4
Johor,2019-01-01,both,overall,overall,3761.2
Johor,2020-01-01,both,overall,overall,4009.7
Johor,2021-01-01,both,overall,overall,4020.0
Johor,2022-01-01,both,overall,overall,4028.3
Johor,2023-01-01,both,overall,overall,4107.2
Johor,2024-01-01,both,overall,overall,4184.4
Johor,2025-01-01,both,overall,overall,4204.1
Johor,2026-01-01,both,overall,overall,4224.3
Kedah,2016-01-01,both,overall,overall,2119.7
Kedah,2017-01-01,both,overall,overall,2143.9
Kedah,2018-01-01,both,overall,overall,2163.0
Kedah,2019-01-01,both,overall,overall,2173.7
Kedah,2020-01-01,both,overall,overall,2131.4
Kedah,2021-01-01,both,overall,overall,2151.7
Kedah,2022-01-01,both,overall,overall,2163.1
Kedah,2023-01-01,both,overall,overall,2189.3
Kedah,2024-01-01,both,overall,overall,2217.1
Kedah,2025-01-01,both,overall,overall,2227.1
Kedah,2026-01-01,both,overall,overall,2237.4
Kelantan,2016-01-01,both,overall,overall,1796.7
Kelantan,2017-01-01,both,overall,overall,1829.0
Kelantan,2018-01-01,both,overall,overall,1860.5
Kelantan,2019-01-01,both,overall,overall,1883.8
Kelantan,2020-01-01,both,overall,overall,1792.5
Kelantan,2021-01-01,both,overall,overall,1812.3
Kelantan,2022-01-01,both,overall,overall,1830.6
Kelantan,2023-01-01,both,overall,overall,1859.8
Kelantan,2024-01-01,both,overall,overall,1887.9
Kelantan,2025-01-01,both,overall,overall,1906.9
Kelantan,2026-01-01,both,overall,overall,1925.3
Melaka,2016-01-01,both,overall,overall,901.1
Melaka,2017-01-01,both,overall,overall,913.1
Melaka,2018-01-01,both,overall,overall,922.4
Melaka,2019-01-01,both,overall,overall,928.4
Melaka,2020-01-01,both,overall,overall,998.4
Melaka,2021-01-01,both,overall,overall,1004.5
Melaka,2022-01-01,both,overall,overall,1008.6
Melaka,2023-01-01,both,overall,overall,1028.3
Melaka,2024-01-01,both,overall,overall,1046.7
Melaka,2025-01-01,both,overall,overall,1052.0
Melaka,2026-01-01,both,overall,overall,1057.4
Negeri Sembilan,2016-01-01,both,overall,overall,1099.3
Negeri Sembilan,2017-01-01,both,overall,overall,1114.0
Negeri Sembilan,2018-01-01,both,overall,overall,1122.9
Negeri Sembilan,2019-01-01,both,overall,overall,1126.2
Negeri Sembilan,2020-01-01,both,overall,overall,1200.0
Negeri Sembilan,2021-01-01,both,overall,overall,1204.2
Negeri Sembilan,2022-01-01,both,overall,overall,1207.9
Negeri Sembilan,2023-01-01,both,overall,overall,1224.9
Negeri Sembilan,2024-01-01,both,overall,overall,1239.5
Negeri Sembilan,2025-01-01,both,overall,overall,1243.9
Negeri Sembilan,2026-01-01,both,overall,overall,1248.5
Pahang,2016-01-01,both,overall,overall,1626.7
Pahang,2017-01-01,both,overall,overall,1647.0
Pahang,2018-01-01,both,overall,overall,1664.7
Pahang,2019-01-01,both,overall,overall,1671.4
Pahang,2020-01-01,both,overall,overall,1591.3
Pahang,2021-01-01,both,overall,overall,1601.5
Pahang,2022-01-01,both,overall,overall,1614.3
Pahang,2023-01-01,both,overall,overall,1643.2
Pahang,2024-01-01,both,overall,overall,1667.7
Pahang,2025-01-01,both,overall,overall,1676.8
Pahang,2026-01-01,both,overall,overall,1686.2
Perak,2016-01-01,both,overall,overall,2482.1
Perak,2017-01-01,both,overall,overall,2493.2
Perak,2018-01-01,both,overall,overall,2503.5
Perak,2019-01-01,both,overall,overall,2508.8
Perak,2020-01-01,both,overall,overall,2496.0
Perak,2021-01-01,both,overall,overall,2515.8
Perak,2022-01-01,both,overall,overall,2514.4
Perak,2023-01-01,both,overall,overall,2541.2
Perak,2024-01-01,both,overall,overall,2569.4
Perak,2025-01-01,both,overall,overall,2573.8
Perak,2026-01-01,both,overall,overall,2577.9
Perlis,2016-01-01,both,overall,overall,251.0
Perlis,2017-01-01,both,overall,overall,252.0
Perlis,2018-01-01,both,overall,overall,253.5
Perlis,2019-01-01,both,overall,overall,254.0
Perlis,2020-01-01,both,overall,overall,284.9
Perlis,2021-01-01,both,overall,overall,287.6
Perlis,2022-01-01,both,overall,overall,289.8
Perlis,2023-01-01,both,overall,overall,293.1
Perlis,2024-01-01,both,overall,overall,296.8
Perlis,2025-01-01,both,overall,overall,297.0
Perlis,2026-01-01,both,overall,overall,297.3
Pulau Pinang,2016-01-01,both,overall,overall,1717.7
Pulau Pinang,2017-01-01,both,overall,overall,1744.1
Pulau Pinang,2018-01-01,both,overall,overall,1762.8
Pulau Pinang,2019-01-01,both,overall,overall,1768.8
Pulau Pinang,2020-01-01,both,overall,overall,1740.4
Pulau Pinang,2021-01-01,both,overall,overall,1740.0
Pulau Pinang,2022-01-01,both,overall,overall,1740.9
Pulau Pinang,2023-01-01,both,overall,overall,1772.6
Pulau Pinang,2024-01-01,both,overall,overall,1800.5
Pulau Pinang,2025-01-01,both,overall,overall,1804.3
Pulau Pinang,2026-01-01,both,overall,overall,1808.3
Sabah,2016-01-01,both,overall,overall,3802.8
Sabah,2017-01-01,both,overall,overall,3855.9
Sabah,2018-01-01,both,overall,overall,3898.4
Sabah,2019-01-01,both,overall,overall,3904.4
Sabah,2020-01-01,both,overall,overall,3418.8
Sabah,2021-01-01,both,overall,overall,3412.6
Sabah,2022-01-01,both,overall,overall,3414.9
Sabah,2023-01-01,both,overall,overall,3596.7
Sabah,2024-01-01,both,overall,overall,3742.0
Sabah,2025-01-01,both,overall,overall,3754.5
Sabah,2026-01-01,both,overall,overall,3767.0
Sarawak,2016-01-01,both,overall,overall,2738.7
Sarawak,2017-01-01,both,overall,overall,2766.3
Sarawak,2018-01-01,both,overall,overall,2791.7
Sarawak,2019-01-01,both,overall,overall,2806.0
Sarawak,2020-01-01,both,overall,overall,2453.7
Sarawak,2021-01-01,both,overall,overall,2465.6
Sarawak,2022-01-01,both,overall,overall,2473.5
Sarawak,2023-01-01,both,overall,overall,2502.3
Sarawak,2024-01-01,both,overall,overall,2517.5
Sarawak,2025-01-01,both,overall,overall,2528.9
Sarawak,2026-01-01,both,overall,overall,2539.8
Selangor,2016-01-01,both,overall,overall,6291.5
Selangor,2017-01-01,both,overall,overall,6380.7
Selangor,2018-01-01,both,overall,overall,6475.0
Selangor,2019-01-01,both,overall,overall,6506.1
Selangor,2020-01-01,both,overall,overall,6994.4
Selangor,2021-01-01,both,overall,overall,7014.7
Selangor,2022-01-01,both,overall,overall,7050.3
Selangor,2023-01-01,both,overall,overall,7209.7
Selangor,2024-01-01,both,overall,overall,7362.7
Selangor,2025-01-01,both,overall,overall,7408.7
Selangor,2026-01-01,both,overall,overall,7454.2
Terengganu,2016-01-01,both,overall,overall,1183.4
Terengganu,2017-01-01,both,overall,overall,1208.0
Terengganu,2018-01-01,both,overall,overall,1228.3
Terengganu,2019-01-01,both,overall,overall,1244.5
Terengganu,2020-01-01,both,overall,overall,1149.4
Terengganu,2021-01-01,both,overall,overall,1170.7
Terengganu,2022-01-01,both,overall,overall,1186.6
Terengganu,2023-01-01,both,overall,overall,1210.0
Terengganu,2024-01-01,both,overall,overall,1231.5
Terengganu,2025-01-01,both,overall,overall,1245.8
Terengganu,2026-01-01,both,overall,overall,1260.9
W.P. Kuala Lumpur,2016-01-01,both,overall,overall,1789.7
W.P. Kuala Lumpur,2017-01-01,both,overall,overall,1793.2
W.P. Kuala Lumpur,2018-01-01,both,overall,overall,1790.0
W.P. Kuala Lumpur,2019-01-01,both,overall,overall,1782.5
W.P. Kuala Lumpur,2020-01-01,both,overall,overall,1982.1
W.P. Kuala Lumpur,2021-01-01,both,overall,overall,1964.0
W.P. Kuala Lumpur,2022-01-01,both,overall,overall,1961.2
W.P. Kuala Lumpur,2023-01-01,both,overall,overall,2005.7
W.P. Kuala Lumpur,2024-01-01,both,overall,overall,2067.5
W.P. Kuala Lumpur,2025-01-01,both,overall,overall,2075.2
W.P. Kuala Lumpur,2026-01-01,both,overall,overall,2082.3
W.P. Labuan,2016-01-01,both,overall,overall,96.8
W.P. Labuan,2017-01-01,both,overall,overall,97.6
W.P. Labuan,2018-01-01,both,overall,overall,99.0
W.P. Labuan,2019-01-01,both,overall,overall,99.3
W.P. Labuan,2020-01-01,both,overall,overall,95.1
W.P. Labuan,2021-01-01,both,overall,overall,96.0
W.P. Labuan,2022-01-01,both,overall,overall,96.9
W.P. Labuan,2023-01-01,both,overall,overall,99.0
W.P. Labuan,2024-01-01,both,overall,overall,100.8
W.P. Labuan,2025-01-01,both,overall,overall,100.9
W.P. Labuan,2026-01-01,both,overall,overall,101.1
W.P. Putrajaya,2016-01-01,both,overall,overall,84.4
W.P. Putrajaya,2017-01-01,both,overall,overall,87.5
W.P. Putrajaya,2018-01-01,both,overall,overall,97.2
W.P. Putrajaya,2019-01-01,both,overall,overall,103.7
W.P. Putrajaya,2020-01-01,both,overall,overall,109.2
W.P. Putrajaya,2021-01-01,both,overall,overall,115.2
W.P. Putrajaya,2022-01-01,both,overall,overall,117.0
W.P. Putrajaya,2023-01-01,both,overall,overall,118.8
W.P. Putrajaya,2024-01-01,both,overall,overall,120.3
W.P. Putrajaya,2025-01-01,both,overall,overall,120.7
W.P. Putrajaya,2026-01-01,both,overall,overall,121.4
